25, 28.35, 711
29, 34.71, 711
29, 45.87, 799
22, 46.26, 799
22, 76.85, 1109
34, 67.17, 801
34, 128.46, 981
32, 68.49, 801
32, 66.55, 801
15, 68.82, 801
15, 69.87, 815
24, 55.17, 811
24, 46.92, 809
28, 46.10, 809
28, 45.96, 819
18, 45.97, 2043
18, 45.54, 2043
19, 47.15, 2301
19, 47.92, 2479
22, 47.46, 2751
22, 107.22, 2751
56, 104.14, 2751
56, 107.74, 2751
67, 116.19, 2751
67, 116.18, 2751
67, 111.02, 2751
67, 109.23, 2751
67, 110.80, 2751
67, 111.53, 2751
66, 117.70, 2751
66, 118.33, 2751
66, 117.52, 2751
66, 112.65, 2751
67, 113.25, 2751
67, 115.71, 2751
68, 119.61, 2751
68, 120.51, 2751
68, 113.40, 2751
68, 109.58, 2751
67, 112.84, 2751
67, 114.78, 2751
66, 117.63, 2751
66, 116.64, 2751
66, 114.55, 2751
66, 111.54, 2751
67, 118.62, 2751
67, 117.40, 2751
66, 114.81, 2751
66, 118.39, 2751
67, 117.61, 2751
67, 118.98, 2751
66, 114.75, 2751
66, 111.17, 2751
66, 109.18, 2751
66, 114.56, 2751
66, 120.71, 2751
66, 116.17, 2751
66, 114.12, 2751
66, 116.27, 2751
68, 115.65, 2751
68, 109.98, 2751
67, 112.75, 2751
67, 115.38, 2751
66, 112.38, 2751
66, 106.71, 2751
66, 108.40, 2751
66, 111.87, 2751
65, 119.37, 2751
65, 118.51, 2751
66, 120.52, 2751
66, 119.64, 2751
65, 115.26, 2751
65, 111.51, 2751
65, 109.20, 2751
65, 108.56, 2751
65, 116.66, 2751
65, 120.78, 2751
66, 120.35, 2751
66, 112.15, 2751
66, 111.65, 2751
66, 118.15, 2751
67, 119.72, 2751
66, 120.78, 2751
66, 114.28, 2751
67, 116.71, 2751
67, 120.08, 2751
67, 119.79, 2751
67, 111.18, 2751
67, 115.31, 2751
67, 121.39, 2751
66, 119.75, 2751
66, 114.51, 2751
66, 113.80, 2751
66, 118.01, 2751
67, 119.36, 2751
67, 118.80, 2751
45, 75.61, 1065
