39, 41.37, 1016
39, 41.40, 1016
38, 46.29, 1104
38, 45.76, 1104
31, 46.45, 1104
31, 66.72, 1106
47, 71.33, 1106
47, 128.85, 1414
42, 71.50, 1106
42, 71.34, 1106
26, 71.37, 1106
26, 71.29, 1106
28, 46.89, 1106
28, 46.68, 1106
32, 46.78, 1106
32, 46.69, 1106
32, 45.80, 1106
32, 47.77, 1106
32, 46.80, 1106
32, 46.98, 1106
33, 46.60, 1106
33, 46.83, 1106
32, 46.43, 1106
32, 46.59, 1106
30, 46.47, 1106
30, 46.80, 1106
30, 46.83, 1106
30, 46.22, 1106
30, 46.85, 1106
30, 47.15, 1106
31, 46.36, 1106
31, 46.24, 1106
31, 47.09, 1106
31, 46.64, 1106
29, 46.44, 1106
29, 46.52, 1116
29, 46.68, 2012
29, 46.46, 2012
29, 46.47, 2012
29, 47.25, 2378
36, 58.21, 2392
36, 86.98, 2392
48, 93.21, 2392
48, 88.65, 2392
50, 90.20, 2392
50, 91.90, 2392
48, 89.07, 2392
48, 91.05, 2392
49, 86.61, 2392
49, 90.09, 2392
49, 90.29, 2392
49, 86.61, 2392
50, 89.69, 2392
50, 89.98, 2392
49, 88.43, 2392
49, 89.40, 2392
48, 88.70, 2392
48, 89.69, 2392
49, 89.67, 2392
49, 88.68, 2392
49, 89.90, 2392
49, 90.61, 2392
49, 90.24, 2392
49, 90.91, 2392
49, 92.74, 2392
49, 89.59, 2392
50, 91.67, 2392
50, 89.74, 2392
49, 90.80, 2392
49, 75.94, 1382
35, 72.81, 1104
