33, 87.60, 1146
33, 74.10, 1146
21, 55.11, 1234
21, 53.27, 1234
27, 75.55, 1544
27, 79.52, 1236
40, 82.58, 1544
40, 75.79, 1236
34, 77.70, 1236
34, 74.98, 1236
17, 64.43, 1348
17, 53.04, 1722
51, 77.96, 1728
51, 77.79, 1728
21, 80.81, 1728
21, 80.61, 1728
23, 53.06, 1728
23, 52.11, 1738
23, 49.42, 2962
23, 49.24, 2962
24, 49.19, 2962
24, 50.52, 3398
25, 51.04, 3520
25, 51.87, 3650
55, 151.45, 3656
55, 146.77, 3656
100, 164.62, 3656
100, 164.15, 3656
100, 153.72, 3656
100, 152.46, 3656
100, 162.90, 3656
100, 165.33, 3656
100, 162.88, 3656
100, 154.89, 3656
100, 164.38, 3656
100, 166.62, 3656
100, 164.50, 3656
100, 152.76, 3656
100, 162.15, 3656
100, 167.18, 3656
100, 163.94, 3656
100, 149.04, 3656
100, 163.66, 3656
100, 166.54, 3656
100, 167.99, 3656
100, 164.32, 3656
100, 157.53, 3656
100, 161.88, 3656
100, 170.44, 3656
100, 173.79, 3656
100, 173.20, 3656
100, 161.06, 3656
100, 163.62, 3656
100, 165.00, 3656
100, 173.86, 3656
100, 174.26, 3656
100, 171.09, 3656
100, 162.91, 3656
100, 164.05, 3656
100, 174.83, 3656
100, 175.84, 3656
100, 167.13, 3656
100, 162.44, 3656
100, 172.64, 3656
100, 174.35, 3656
100, 176.07, 3656
100, 167.35, 3656
100, 163.13, 3656
100, 167.97, 3656
100, 173.97, 3656
100, 176.03, 3656
100, 171.61, 3656
100, 164.37, 3656
100, 171.02, 3656
100, 171.55, 3656
100, 176.54, 3656
100, 163.44, 3656
100, 163.76, 3656
100, 176.59, 3656
100, 177.41, 3656
100, 170.73, 3656
100, 158.54, 3656
100, 168.40, 3656
100, 177.34, 3656
100, 176.74, 3656
100, 157.05, 3656
99, 165.36, 3656
99, 175.24, 3656
100, 166.31, 3656
100, 166.48, 3656
100, 163.76, 3656
100, 175.15, 3656
100, 177.59, 3656
100, 176.65, 3656
100, 175.68, 3656
100, 163.62, 3656
100, 165.96, 3656
100, 172.35, 3656
100, 175.20, 3656
100, 82.17, 2074
50, 86.64, 1142
