35, 33.35, 1164
35, 36.10, 1148
32, 44.91, 1236
32, 45.71, 1236
19, 45.27, 1236
19, 46.38, 1236
21, 67.43, 1238
21, 67.53, 1238
34, 72.95, 1238
34, 68.77, 1238
33, 73.28, 1274
33, 68.79, 1274
17, 50.60, 1358
17, 50.88, 1742
35, 68.67, 1806
35, 72.99, 1806
24, 68.11, 1806
24, 73.02, 1806
20, 47.62, 1806
20, 47.82, 1816
24, 45.86, 3040
24, 46.12, 3040
22, 45.97, 3296
22, 47.00, 3476
22, 47.27, 3598
22, 47.26, 3718
37, 162.11, 3802
37, 154.25, 3802
99, 162.36, 3802
99, 162.84, 3802
100, 159.28, 3802
100, 161.91, 3802
99, 164.23, 3802
99, 163.55, 3802
99, 160.31, 3802
99, 164.24, 3802
100, 161.70, 3812
100, 157.31, 3812
100, 160.46, 3812
100, 166.71, 3812
100, 163.61, 3812
100, 165.25, 3812
100, 163.52, 3812
100, 162.76, 3812
99, 162.39, 3812
99, 165.81, 3812
100, 165.92, 3812
100, 166.88, 3812
99, 164.48, 3812
99, 162.06, 3812
99, 166.93, 3812
99, 167.60, 3812
99, 162.90, 3812
99, 168.11, 3812
100, 162.11, 3812
100, 162.60, 3812
99, 160.55, 3812
99, 167.41, 3812
99, 167.16, 3812
99, 163.83, 3812
100, 79.31, 3084
100, 72.79, 1652
