33, 75.38, 1162
33, 76.47, 1162
20, 49.35, 1250
20, 50.37, 1234
25, 59.17, 1544
25, 72.68, 1236
38, 94.12, 1544
38, 70.80, 1236
34, 71.62, 1236
34, 70.72, 1236
16, 73.57, 1352
16, 48.97, 1614
35, 71.83, 1684
35, 72.32, 1684
29, 77.45, 1684
29, 73.02, 1956
21, 48.18, 2918
21, 51.07, 2918
22, 50.49, 3174
22, 48.79, 3358
27, 49.00, 3476
27, 127.64, 3558
61, 166.91, 3564
61, 169.85, 3564
99, 169.10, 3564
99, 171.73, 3564
100, 163.60, 3564
100, 175.43, 3564
100, 171.07, 3564
100, 175.50, 3564
100, 165.46, 3564
100, 175.18, 3564
100, 172.52, 3564
100, 167.29, 3564
100, 177.58, 3564
100, 168.51, 3564
99, 173.20, 3564
99, 166.37, 3564
100, 175.60, 3564
100, 172.03, 3564
100, 168.93, 3564
100, 175.64, 3564
100, 163.64, 3564
100, 175.56, 3564
100, 168.95, 3564
100, 168.12, 3564
99, 171.65, 3564
99, 170.40, 3564
99, 171.91, 3564
99, 170.05, 3564
99, 171.24, 3564
99, 163.57, 3564
100, 173.71, 3564
100, 173.20, 3564
99, 169.75, 3564
99, 168.78, 3564
100, 173.38, 3564
100, 167.60, 3564
99, 171.18, 3564
99, 163.92, 3564
99, 171.17, 3564
99, 174.15, 3564
99, 169.00, 3564
99, 169.15, 3564
100, 163.06, 3564
100, 175.58, 3564
100, 169.39, 3564
100, 168.13, 3564
100, 169.96, 3564
100, 163.87, 3564
100, 172.28, 3564
100, 167.69, 3564
100, 170.49, 3564
100, 167.92, 3564
100, 171.25, 3564
100, 167.36, 3564
100, 169.69, 3564
100, 168.82, 3564
100, 169.03, 3564
100, 172.93, 3564
100, 170.89, 3564
100, 173.67, 3564
100, 172.55, 3564
100, 172.12, 3564
100, 175.48, 3564
100, 173.09, 3564
100, 171.29, 3564
100, 173.43, 3564
99, 174.32, 3564
99, 168.73, 3564
100, 110.43, 2946
100, 88.68, 1940
