46, 71.18, 711
18, 71.46, 711
18, 48.11, 799
17, 47.84, 799
17, 66.72, 1109
34, 70.37, 801
34, 149.51, 981
30, 71.20, 801
30, 70.92, 802
15, 73.53, 801
15, 70.29, 811
26, 59.20, 811
26, 50.64, 812
28, 49.06, 1035
28, 47.34, 1015
19, 46.97, 1323
19, 69.47, 3831
20, 72.56, 3919
20, 68.64, 3865
18, 69.54, 4633
18, 48.39, 5179
28, 57.01, 5479
28, 99.21, 5745
53, 115.38, 6011
53, 100.14, 6038
61, 91.74, 6038
61, 83.11, 6038
55, 88.94, 6034
55, 97.82, 6034
52, 96.74, 6034
52, 85.60, 6034
57, 93.88, 6034
56, 85.20, 6034
56, 114.50, 6032
60, 88.84, 6032
60, 114.39, 6032
67, 110.06, 6032
67, 95.58, 6032
62, 114.00, 6032
62, 101.28, 6032
61, 109.32, 6032
61, 105.20, 6032
62, 116.84, 6032
62, 116.94, 6032
59, 89.24, 6032
59, 114.08, 6030
64, 110.19, 6032
64, 91.79, 6032
60, 116.99, 6032
60, 106.05, 6032
59, 97.97, 6032
59, 116.66, 6032
60, 94.61, 6032
60, 107.63, 6032
60, 101.45, 6032
60, 92.44, 6022
55, 95.36, 6022
55, 75.59, 6030
53, 92.41, 6047
53, 95.05, 6047
59, 91.32, 6039
59, 101.31, 6039
57, 108.99, 6039
57, 100.23, 6043
60, 107.55, 6047
60, 97.01, 6047
47, 75.89, 4479
47, 78.85, 1977
31, 74.58, 1103
